Failed Logins,Traffic Spike,Request Rate,Result,Metrics Visualization,timestamp
500,true,1,"'
State: (500, True, 1)
Attack: True
Action: block
Reward: 10

Accuracy: 1.0
Score: 1.0

True Positive: 1
False Positive: 0
True Negative: 0
False Negative: 0
","{""type"": ""matplotlib"", ""plot"": ""data:image/webp;base64,UklGRu4TAABXRUJQVlA4IOITAACQkwCdASqAAuABPm02mEkkIqIhING5aIANiWlu/HRZxL0HYgAO0B/AIwAp6vxR/RvxV78f6J+SX9h9Le9d4N9mfyM0yP4p9Svq39c/aj++/vF8Ef6XwZ+Dn8r6hH4z/G/8b+YP9y4QrSP8t6AXqh8t/wf9s/cj+++hX+1flV7j/T//We4B/Ev5h/j/zO/wH//+kf9P4Rf1n/I/3b7gPsC/kf9N/zv+P/dj/HfSb+6/7T/Nf539ffah+X/3X/jf5b4Bf5B/Qv9j/ef3w/zH/////3UexH9u///7pH7Z//cQjMIZhDMIZhDMIZhDMIZhDMIZhDMIZhDMIZhDMIZhDMIZhDMIZhDMIZhDMIV7naFGg5EW4KNBaCSlpWr2G4AqhBIEU9Wy06pkTwb0fLDPZXduMnD+wKFIc7eKHbG3oAX2D9QZVCqlSxvfTKMmb4SVlWSYWfqz9Wfqz9A3kh9gTruyXaURqUM7zIoxBu3clqb8SCbQ8HMyA+OAUoykXhffZTKsQyWZOe19qMLnMMl5srHfagW7WGXi2zKeLjAnWtEAfRgFM17iUsBIHd/DdPYRBSmsiMTh5p0XWmPUAM7NeL9Wfqz9Wfq2NQ6Zq0zqHMc0hM76bzerIs+4L3Be4L3Be4OYZbjFjOMM7525znZr9Wfqz9Wfqz9aSdgvcHMAUjgFXMXQvcF7gvcF7gvfppmEK43kiZ+wJWTDoNbWaL9Wfqz9Wfqz9WxqHTNVONN7XpRx3whuLEpEPYbDcnoZhDMIZhDMIaA8bEA9hACkcAq5i6F7gvcF7gvcF79NMwhmNtIFLxdwuAehmEMwhmEMwiBCuMQD9tIFLxdwuAehmEMwhmEMwiBCuMP0QPEL4tx+ehtXTKmd87c5zs1+rP1Z+rP1Z+tJOwXuAAGjO+duc52a/Vn6s/Vn6s/WknYL3Agqr5nfHz7svcF7gvcF7gvcHMMtxixnGGd87c5zs1+rP1Z+rP1Z+tJOwXtGFtiEIe7NyNrT+0+7L3Be4L3Be4L3BzDLcYiNv3uOrm0oBUAq/k1xlWLL59wXuC9wXuLaB6GYH5IucOMW0ZbjFl8+4L3Be4MDDMvn20WYBV/JrjKsWXz7gvcF7gvcW0D0MwPyRc4cYtoy3GLL59wXuC9wYGGZfPgR+26NM8kTIzc7sZYO1Ih7DYbk9DMIZhDMIZhDQHjYgHsIAUjgFXMXQvcF7gvcF7gvfppmEMxtpApeLuFwD0MwhmEMwhmEQIVxiAftpApeLuFwD0MwhmEMwhmEQIVxh+h8eZnF26kXFQWyVHwF24wkM0JojTDZDyoOw8rPD8azKKHMFpRGqo6Ksyqc67sl2kn98xsyngtLFtfoZQsUNnwMYa+Nho0bOLwFmS+U+wYyEGRFePBVQiatI+Z+RIxBrxCalrRgivj2YreNNW51esOiXCNzCnbXwQ1ukUJ0nAEjrOksCKu/MAiBieEoTCOcRkjCEaAVtb/Xn7QZ/1dm9ds8PhinU/cLo8h6a54LzQKyJaBRZ+rRv2GyfEfQEPOqW8+mNztsrtKBb1LHVLeF6YsgQ9Piy+fcF7gvcF7gvcF7gvcF7gvcF7QAAP7/xoQAAAdlanvpQdIUwHspyqny6HbS2bI6+/etVTGXZvByNZM6+VIEvYzu9ie3qa7Y+t8o2NJE7IaLMo3Ttl35jc7PFNflx8iIP0/pJA5SAw7PklWMAVCELV3gAFCmJQH8YgtmjEdf8xMPiSuXVVwtKCUtUgE5hlkDVIcaWws7L8zrIwMVGAeibKxjpjLd9SuO6tGJYDVzx0hy3bSaPZpqqiMrw/7AhQs/+zAZGb/GtcnmgxMMJUQrYDskoVy9EREs5eTGhG/fS4WP8hP8dkdlWZp5I12v3TgKsjcHaIX253M1weWmztJoIn+Z1vwrwNXc6q9VlxSVcbUzIphDkReY3E+1bR5bXUng+JoPMhnF4gnt49AZZC3wXZI73dLwIQbQF+sC3TXB75HUhIp6GhXyqRgARw+oJk16D/gsMut75L7tWH4QOk2lFsRpfq2wi0mxUyjWR3ldtCbz/+JK1gaptX+dVv3PXlOQsQrDlXxXv8JORiMk8s5rctQ6NyL1EwuUfwe83jsNXUQHL7NWk7mK3HrQBQF/GMNsE96nVxEWdckv/7uNBQt4rBOXtmk8CNC34nfAvNJU+iZMttf8ghYzvXmgjVaqFp08PwBqw319JuLDv+LyxMcJ0l/1V4Gvj20nBfxlS9Gb57k6pY0CzF2B0VTKmmZyNdTxM8ZXZQtviYAqHCd3aBjbWtztI9QRikBmWY6sPgynzgu95kbP2TIcrljYOl/QY9YoC/DKto6vkPKvdoDWycxio0Y3OX5okfOudFmEWWUMksYD5WmCNgIZALoCO4k6bai0oN08sdH+g56pL4MQJSVBWdAahnnpt+O0RQvumz89s+tW3fmKeiGbaxYAtZVgy8a3mG7pgJkb1U+XAvHzo7ZwyAmevXAaT80N8szhzQQWtZxsV6N0d19z1S1D/A6JGNh85le4eYiKfFbfWoWOhLUsJKXGhjmi9L4ZUMLUJ+ug9cdx2tjnYeHV/TNOsR9++GgOof0ND7tVngqSmURHjZKy6iS2pFjIYhYtX9wB6blNt7S91YNE2WXSorL2MH7ZQ42pw2gfy+YrCHfOYDD7kUVB3YoiU/y/fR13Gl2S4Efw+o/TWCPBgDT/dIM5YOvizapLW5mWjqPXnSYz7umOQLOGh9vTetK584St3jqq4KW0/u+X4kNPJjvuwsfNg/h7VLwTvIN2ArwYXAdiI0K37GIuVKrUrPLUln5vdwBYqAFLBFXatgHEFc/DSZwI1CUHUXlzKAApxnVFu4LwwepBFgtwFnhXHvvOVoQvJYLs4JC4yCiTwbChYyQskJdyh0NaV6hqFTJgDiT7JOBLgSstWc/LBoMpEAty0EzHWdJ1P2TNFZ1CGOOjbVDFKVrmYIKtP207RFVDPeGfPXgyIAUJEf7qOLA8QXlICHlEKsKDeHm4OXuqiw+0m3wx1puL95SmaTq3XU+kL5xp9YjetnnCPrq7yoBUxqe+62Q/GYlB2vsq6c1tAwa2hmXMXDKlF+ikGqbcwu5tfDFuzEXtebCdgGqStD+kAhnIDhC6+U86rDP7dbP1G7kl8LpjP6bOpulvFyzvczKP63jQfXxAdQy/YHVK0bSIbwAfaiQJKpk2jrqYJDL3hwl+9SYA8P/A+KOxWnYk49ljWCfyFsEo85/5LOxFcy+U7I0wzu8DEcMQT9YT00TQJp7CtP9/KX9c3wnnY3hd1J3pUWr4/4nMtfYxWqvG4Izc9anujragad71dQ+5kCbRpYrxK9kiGWKqc5Bw7dMt+dSossRhU5Tt4u26ta81PB2wElUZPcX5Lxf9MIRTzzbL4mc5nGY0fiSKhGQ1G+zQFZp1t8N7sv3z8n1B+gdYbx5TX/01pW2vzcVLP2wT+t2X42unI3Pl6ilZZ4c0/n7KG64JSQNMk0YkVgHuHN6+eT0wil2UgwuE+q1cgBm1513fhUe0mJIcAyJwuIb7uFBWeelc421f9i+NYY5prAAV/mAqMvHgt0FgMGoCrpcsUcatUWA2b8+Qwd5GcDlsfBYw4jmaAodwJFVhGZ08yZq/Hhj9hRenkxEc2MZaW82fZLNd7RdIuj7nCJXX52/StyP+eJ1GSEoTyZ0Qs66+ohuj6b03AKUKJ3YNb3Dp+ghqh92EQbJzfLTQ1FcNLm9M/uoRMjOtbTdrwFTEBM9q12igUjuScULxy+BulcFEd2Wzi75MiiMf6/FnbMYtJoJ0kyvIcs6y2kUbaG3yWAHzkbZkStw+Zv5l4I/5mD4rTlz56OXlgB5syH3jUdW3T7LX+iWHmNDUEn3DSayg0VgZZ0MTSzXlAj/yvwqd+vAfxIIQIwedVl4ms+e99MmuQq7uXSK/fBhIaPNyZb/dF0a8DuuZBW0mVlQbYwpZnz/F4Ylc+78q7hQBUOZoCglBQDzdyTihtuzhGNloe7Uowm4gzdPlgTjxOIyGPRHHAiwTm9DLmVyv2Fu6cyjX6D6WU7PrScgJZzQdqRvDPHdYKDrMzVSKqA3dYNM2bhl7LvzbTqmSbGd7ruXwXQ0AqLjFwbm/h9n9bd9gT7tSUbTw/56fM6VWoTy9g20ZuyICbP5/oHX6DHk5o4NmI05JACuCglHcKBKOZoCglBQUGYqoFnkyKIx/r8Wdsxi0mgnSTK8hyzrEAMgzDOQGYgqyx3LeFgmN226ul5qe2E5DxIWPccrpVkotbmTzDfp/5+XL6r+zN01a66Kto8+tluOsuCgULEC5f5NFOStq85meJocS+NfEh5SHspQx9HVfysJElmCZpGxwGN9qw7Q2FjH9Sv4T9HreTEBrrV9LX5IbuScUSh96/uXwN8rgoXjuFCKAwdhRdDG7jMLpgchCNpi+K9zmBdd5AU3NPllrACXZfdsoPk8Sve/3DsHl8wVQGlgX5LSZTD3u8fVojk28y60g/lTiCom9jzlVwII3Ftlb9aTstzgCB6SDEffu0YFTWfvXfIV9gJQHOBZYXZBg/Bk0pRrsB88HbYOLebzTyajFZ/gA7zPK7JfLBPqRmBLKKaaNBFmQpK62qWeUt7ugNffQYz2A7xmjbkdQ+yNDvQSfIe9dq+ZRvo1qioPuC6AmMAMtFfRO//f4pm67HvheqX7Jq/9z6+gz6fcmUIO0adAFH0tZ3UF/5CEYD617LpmNT6a7YjZgqRpO2drmFLr6EIgUHywCDlFxFi1l1IMY54vlBrjeC/+ViDfYo8xt+Hu4cP0a31xju/rMKPYAfxmHnbrxbl6Yuj4PWBKj00AIXDQMyVrEfuJ/OnLB+Q+WTtAi4zQsm7gIn7kbVKC8tikag18S4zcX6jmGFr3Wy8zd6B7eEvuggQBKdHtV9MThicUlkCyOGKCA0UyTY1gcUHJtnzVLR9lUMjnUcF5GNcaQsEqMRAMVV639//QEfFl4e9mWlBdi+BaN6NRNZJDkyuZNoQxKpzbZKVzgBOez7iWXjK61LjXgdGhVzy2WoUP81P+6cQ+B5zmAdNYsq/JGPlCpVXp/O7zu3CFDFz8pHt1vywePB479yLZyxToWyafuTE6mEfjLpfG8VnHms0zKelOjxqGvnjpbR0b0b0uufCJ+GpUguDUIQa2kvU73354twO+cvw/FIAPaqCx6xHDLIyUfwYwAEb4Px4jVuxWFa5WLbdAMO2YCGImAr448e2skuo1rGpGEMPv34KSSTVrS5LGtHcnTMMRapOlu8reR/MxPdiIeeCzEKc9LE3TPsZHmcHiBi25gDSdeiVynrRtDheFtPzvoK6wBVndgEe/aJ6Gz9qn9YgU0gIDduvxgt6liNAvJDrmpWxZZCrnAZRetYys3jf3SLpPnvn2+t9HS3s+IMnOJh3gKbK7IPrpKJBnI/2g0ZK17grOarlNphkiT1qJQ+2OT/2naHK9Kemut2AJqlgikcOfGYO29gt5usJ9GmWvMKQ+JJunR+93iFc5jns6F+3R3oTak6VETO/2qY1RDgBTW5BDTY/JfzEHkTbfTGzNjVfFh1tS/OYXVMTP7l61mgoHDhwhUsNLqrLMTPiTWOYOArSllsnhlgpaITPPOEcgSTIy5O6hvjDL/wIu/zz3IrPHlbbqeC3ow/xXaVcKI8fHoIfNf+4Gnkuj6c32m4/Ny21CjJzYrp89JGXbiBYSEsIDQD9BRsTmrRmzNbWOPNJ+zOiz27kUJPkPUOqZxSvi2nqcW1RFyZ6f8q9EETrjG38mdngIvh68DvkWm94tyNvB07pM/+Xt+nwqvmv7GWBuI3TTF18XPpAtGEhbTQOpskX2vVHLsRzi6qzb3fVHeIjXcDypsJg41yXnSZK/8gOmN6fF2BItHCQ375luZ0deFQMsV4fQLWR6CJYPXF3B9W/whp+8cgfcsL3nW2VSma+f1HDy8WTE73F3SlP5aO/r15KkzZhMHBGWUl3zVZtdTKUQyLBfLwUsi4sN3P2pzLwbjpnaowimg4Z+CQW3jsZyrZtTo+DvzYEPfDvBQVXptel41IWbs+Lrh2jDOaMQz9EqFIZPR81XdJiVHWDv2drR+tA+Tmc+OP7XljbAs/7qR9fC/bZSUdY6P5xwh7aUE/mE1wRkY6SqrNaC8GglpjXylewLugW5MaR3fzfympw6vZqrGr1us03Ff2VWy9SVgCJF7rhu6KwRl3cTYmxIw6ERG6+CXabf4UOnvU+p2I1/NFJTbph/yNTjc0Z5VSwM9uANNj0/pun/vs5ncxwEFJBtdltYFurjKe9fi6HdwT2155qsraZJhLgCWSKwe3VdDuIo4oGApSyifAhRx1qIuHp21RAsRgQtTq9bjoGDKEDu2xAYNIiRHToUum0J80obwX8yu3L5w8kvuU1Z3AS9Ngcm5hrYbrvGxuIJPj4DykD6gknFGvmhK/86+hCYYqNx3vQY/ED3DZWFxaDRchoJ05onPORHBp+yNfMA9PMX8ZguUzgWb1c7rWda8O6XQaj0eFbR3urAc7Gns2wapos/WmUiZKS3crvYIkc3jzmaHP8od+vcsYPEsAkJLbixbX3kWS1QJTjBbSb76sH/7m79u7a1kRW7zqJfFRSJrVK1TAhPEesZf0EyvNIdudqxc6u2zFaN7q0zIAlD6z/ozVfXh9YY4RZHAzc1LmFqxIMVF87N9ZcgVwxbrGsTtLfXxiN54NWmYMpiIpgKUnXfnfijE2DclAkrX8wmBreBv/v6N7ZtzqVoIj86Vc7FWQqvwPtFK9Z0ypGimwxEbBmzgAAAAAA==""}",2026-04-03 14:19:34.700167
500,true,1,"'
State: (500, True, 1)
Attack: True
Action: block
Reward: 10

Accuracy: 1.0
Score: 1.0

True Positive: 1
False Positive: 0
True Negative: 0
False Negative: 0
","{""type"": ""matplotlib"", ""plot"": ""data:image/webp;base64,UklGRu4TAABXRUJQVlA4IOITAACQkwCdASqAAuABPm02mEkkIqIhING5aIANiWlu/HRZxL0HYgAO0B/AIwAp6vxR/RvxV78f6J+SX9h9Le9d4N9mfyM0yP4p9Svq39c/aj++/vF8Ef6XwZ+Dn8r6hH4z/G/8b+YP9y4QrSP8t6AXqh8t/wf9s/cj+++hX+1flV7j/T//We4B/Ev5h/j/zO/wH//+kf9P4Rf1n/I/3b7gPsC/kf9N/zv+P/dj/HfSb+6/7T/Nf539ffah+X/3X/jf5b4Bf5B/Qv9j/ef3w/zH/////3UexH9u///7pH7Z//cQjMIZhDMIZhDMIZhDMIZhDMIZhDMIZhDMIZhDMIZhDMIZhDMIZhDMIZhDMIV7naFGg5EW4KNBaCSlpWr2G4AqhBIEU9Wy06pkTwb0fLDPZXduMnD+wKFIc7eKHbG3oAX2D9QZVCqlSxvfTKMmb4SVlWSYWfqz9Wfqz9A3kh9gTruyXaURqUM7zIoxBu3clqb8SCbQ8HMyA+OAUoykXhffZTKsQyWZOe19qMLnMMl5srHfagW7WGXi2zKeLjAnWtEAfRgFM17iUsBIHd/DdPYRBSmsiMTh5p0XWmPUAM7NeL9Wfqz9Wfq2NQ6Zq0zqHMc0hM76bzerIs+4L3Be4L3Be4OYZbjFjOMM7525znZr9Wfqz9Wfqz9aSdgvcHMAUjgFXMXQvcF7gvcF7gvfppmEK43kiZ+wJWTDoNbWaL9Wfqz9Wfqz9WxqHTNVONN7XpRx3whuLEpEPYbDcnoZhDMIZhDMIaA8bEA9hACkcAq5i6F7gvcF7gvcF79NMwhmNtIFLxdwuAehmEMwhmEMwiBCuMQD9tIFLxdwuAehmEMwhmEMwiBCuMP0QPEL4tx+ehtXTKmd87c5zs1+rP1Z+rP1Z+tJOwXuAAGjO+duc52a/Vn6s/Vn6s/WknYL3Agqr5nfHz7svcF7gvcF7gvcHMMtxixnGGd87c5zs1+rP1Z+rP1Z+tJOwXtGFtiEIe7NyNrT+0+7L3Be4L3Be4L3BzDLcYiNv3uOrm0oBUAq/k1xlWLL59wXuC9wXuLaB6GYH5IucOMW0ZbjFl8+4L3Be4MDDMvn20WYBV/JrjKsWXz7gvcF7gvcW0D0MwPyRc4cYtoy3GLL59wXuC9wYGGZfPgR+26NM8kTIzc7sZYO1Ih7DYbk9DMIZhDMIZhDQHjYgHsIAUjgFXMXQvcF7gvcF7gvfppmEMxtpApeLuFwD0MwhmEMwhmEQIVxiAftpApeLuFwD0MwhmEMwhmEQIVxh+h8eZnF26kXFQWyVHwF24wkM0JojTDZDyoOw8rPD8azKKHMFpRGqo6Ksyqc67sl2kn98xsyngtLFtfoZQsUNnwMYa+Nho0bOLwFmS+U+wYyEGRFePBVQiatI+Z+RIxBrxCalrRgivj2YreNNW51esOiXCNzCnbXwQ1ukUJ0nAEjrOksCKu/MAiBieEoTCOcRkjCEaAVtb/Xn7QZ/1dm9ds8PhinU/cLo8h6a54LzQKyJaBRZ+rRv2GyfEfQEPOqW8+mNztsrtKBb1LHVLeF6YsgQ9Piy+fcF7gvcF7gvcF7gvcF7gvcF7QAAP7/xoQAAAdlanvpQdIUwHspyqny6HbS2bI6+/etVTGXZvByNZM6+VIEvYzu9ie3qa7Y+t8o2NJE7IaLMo3Ttl35jc7PFNflx8iIP0/pJA5SAw7PklWMAVCELV3gAFCmJQH8YgtmjEdf8xMPiSuXVVwtKCUtUgE5hlkDVIcaWws7L8zrIwMVGAeibKxjpjLd9SuO6tGJYDVzx0hy3bSaPZpqqiMrw/7AhQs/+zAZGb/GtcnmgxMMJUQrYDskoVy9EREs5eTGhG/fS4WP8hP8dkdlWZp5I12v3TgKsjcHaIX253M1weWmztJoIn+Z1vwrwNXc6q9VlxSVcbUzIphDkReY3E+1bR5bXUng+JoPMhnF4gnt49AZZC3wXZI73dLwIQbQF+sC3TXB75HUhIp6GhXyqRgARw+oJk16D/gsMut75L7tWH4QOk2lFsRpfq2wi0mxUyjWR3ldtCbz/+JK1gaptX+dVv3PXlOQsQrDlXxXv8JORiMk8s5rctQ6NyL1EwuUfwe83jsNXUQHL7NWk7mK3HrQBQF/GMNsE96nVxEWdckv/7uNBQt4rBOXtmk8CNC34nfAvNJU+iZMttf8ghYzvXmgjVaqFp08PwBqw319JuLDv+LyxMcJ0l/1V4Gvj20nBfxlS9Gb57k6pY0CzF2B0VTKmmZyNdTxM8ZXZQtviYAqHCd3aBjbWtztI9QRikBmWY6sPgynzgu95kbP2TIcrljYOl/QY9YoC/DKto6vkPKvdoDWycxio0Y3OX5okfOudFmEWWUMksYD5WmCNgIZALoCO4k6bai0oN08sdH+g56pL4MQJSVBWdAahnnpt+O0RQvumz89s+tW3fmKeiGbaxYAtZVgy8a3mG7pgJkb1U+XAvHzo7ZwyAmevXAaT80N8szhzQQWtZxsV6N0d19z1S1D/A6JGNh85le4eYiKfFbfWoWOhLUsJKXGhjmi9L4ZUMLUJ+ug9cdx2tjnYeHV/TNOsR9++GgOof0ND7tVngqSmURHjZKy6iS2pFjIYhYtX9wB6blNt7S91YNE2WXSorL2MH7ZQ42pw2gfy+YrCHfOYDD7kUVB3YoiU/y/fR13Gl2S4Efw+o/TWCPBgDT/dIM5YOvizapLW5mWjqPXnSYz7umOQLOGh9vTetK584St3jqq4KW0/u+X4kNPJjvuwsfNg/h7VLwTvIN2ArwYXAdiI0K37GIuVKrUrPLUln5vdwBYqAFLBFXatgHEFc/DSZwI1CUHUXlzKAApxnVFu4LwwepBFgtwFnhXHvvOVoQvJYLs4JC4yCiTwbChYyQskJdyh0NaV6hqFTJgDiT7JOBLgSstWc/LBoMpEAty0EzHWdJ1P2TNFZ1CGOOjbVDFKVrmYIKtP207RFVDPeGfPXgyIAUJEf7qOLA8QXlICHlEKsKDeHm4OXuqiw+0m3wx1puL95SmaTq3XU+kL5xp9YjetnnCPrq7yoBUxqe+62Q/GYlB2vsq6c1tAwa2hmXMXDKlF+ikGqbcwu5tfDFuzEXtebCdgGqStD+kAhnIDhC6+U86rDP7dbP1G7kl8LpjP6bOpulvFyzvczKP63jQfXxAdQy/YHVK0bSIbwAfaiQJKpk2jrqYJDL3hwl+9SYA8P/A+KOxWnYk49ljWCfyFsEo85/5LOxFcy+U7I0wzu8DEcMQT9YT00TQJp7CtP9/KX9c3wnnY3hd1J3pUWr4/4nMtfYxWqvG4Izc9anujragad71dQ+5kCbRpYrxK9kiGWKqc5Bw7dMt+dSossRhU5Tt4u26ta81PB2wElUZPcX5Lxf9MIRTzzbL4mc5nGY0fiSKhGQ1G+zQFZp1t8N7sv3z8n1B+gdYbx5TX/01pW2vzcVLP2wT+t2X42unI3Pl6ilZZ4c0/n7KG64JSQNMk0YkVgHuHN6+eT0wil2UgwuE+q1cgBm1513fhUe0mJIcAyJwuIb7uFBWeelc421f9i+NYY5prAAV/mAqMvHgt0FgMGoCrpcsUcatUWA2b8+Qwd5GcDlsfBYw4jmaAodwJFVhGZ08yZq/Hhj9hRenkxEc2MZaW82fZLNd7RdIuj7nCJXX52/StyP+eJ1GSEoTyZ0Qs66+ohuj6b03AKUKJ3YNb3Dp+ghqh92EQbJzfLTQ1FcNLm9M/uoRMjOtbTdrwFTEBM9q12igUjuScULxy+BulcFEd2Wzi75MiiMf6/FnbMYtJoJ0kyvIcs6y2kUbaG3yWAHzkbZkStw+Zv5l4I/5mD4rTlz56OXlgB5syH3jUdW3T7LX+iWHmNDUEn3DSayg0VgZZ0MTSzXlAj/yvwqd+vAfxIIQIwedVl4ms+e99MmuQq7uXSK/fBhIaPNyZb/dF0a8DuuZBW0mVlQbYwpZnz/F4Ylc+78q7hQBUOZoCglBQDzdyTihtuzhGNloe7Uowm4gzdPlgTjxOIyGPRHHAiwTm9DLmVyv2Fu6cyjX6D6WU7PrScgJZzQdqRvDPHdYKDrMzVSKqA3dYNM2bhl7LvzbTqmSbGd7ruXwXQ0AqLjFwbm/h9n9bd9gT7tSUbTw/56fM6VWoTy9g20ZuyICbP5/oHX6DHk5o4NmI05JACuCglHcKBKOZoCglBQUGYqoFnkyKIx/r8Wdsxi0mgnSTK8hyzrEAMgzDOQGYgqyx3LeFgmN226ul5qe2E5DxIWPccrpVkotbmTzDfp/5+XL6r+zN01a66Kto8+tluOsuCgULEC5f5NFOStq85meJocS+NfEh5SHspQx9HVfysJElmCZpGxwGN9qw7Q2FjH9Sv4T9HreTEBrrV9LX5IbuScUSh96/uXwN8rgoXjuFCKAwdhRdDG7jMLpgchCNpi+K9zmBdd5AU3NPllrACXZfdsoPk8Sve/3DsHl8wVQGlgX5LSZTD3u8fVojk28y60g/lTiCom9jzlVwII3Ftlb9aTstzgCB6SDEffu0YFTWfvXfIV9gJQHOBZYXZBg/Bk0pRrsB88HbYOLebzTyajFZ/gA7zPK7JfLBPqRmBLKKaaNBFmQpK62qWeUt7ugNffQYz2A7xmjbkdQ+yNDvQSfIe9dq+ZRvo1qioPuC6AmMAMtFfRO//f4pm67HvheqX7Jq/9z6+gz6fcmUIO0adAFH0tZ3UF/5CEYD617LpmNT6a7YjZgqRpO2drmFLr6EIgUHywCDlFxFi1l1IMY54vlBrjeC/+ViDfYo8xt+Hu4cP0a31xju/rMKPYAfxmHnbrxbl6Yuj4PWBKj00AIXDQMyVrEfuJ/OnLB+Q+WTtAi4zQsm7gIn7kbVKC8tikag18S4zcX6jmGFr3Wy8zd6B7eEvuggQBKdHtV9MThicUlkCyOGKCA0UyTY1gcUHJtnzVLR9lUMjnUcF5GNcaQsEqMRAMVV639//QEfFl4e9mWlBdi+BaN6NRNZJDkyuZNoQxKpzbZKVzgBOez7iWXjK61LjXgdGhVzy2WoUP81P+6cQ+B5zmAdNYsq/JGPlCpVXp/O7zu3CFDFz8pHt1vywePB479yLZyxToWyafuTE6mEfjLpfG8VnHms0zKelOjxqGvnjpbR0b0b0uufCJ+GpUguDUIQa2kvU73354twO+cvw/FIAPaqCx6xHDLIyUfwYwAEb4Px4jVuxWFa5WLbdAMO2YCGImAr448e2skuo1rGpGEMPv34KSSTVrS5LGtHcnTMMRapOlu8reR/MxPdiIeeCzEKc9LE3TPsZHmcHiBi25gDSdeiVynrRtDheFtPzvoK6wBVndgEe/aJ6Gz9qn9YgU0gIDduvxgt6liNAvJDrmpWxZZCrnAZRetYys3jf3SLpPnvn2+t9HS3s+IMnOJh3gKbK7IPrpKJBnI/2g0ZK17grOarlNphkiT1qJQ+2OT/2naHK9Kemut2AJqlgikcOfGYO29gt5usJ9GmWvMKQ+JJunR+93iFc5jns6F+3R3oTak6VETO/2qY1RDgBTW5BDTY/JfzEHkTbfTGzNjVfFh1tS/OYXVMTP7l61mgoHDhwhUsNLqrLMTPiTWOYOArSllsnhlgpaITPPOEcgSTIy5O6hvjDL/wIu/zz3IrPHlbbqeC3ow/xXaVcKI8fHoIfNf+4Gnkuj6c32m4/Ny21CjJzYrp89JGXbiBYSEsIDQD9BRsTmrRmzNbWOPNJ+zOiz27kUJPkPUOqZxSvi2nqcW1RFyZ6f8q9EETrjG38mdngIvh68DvkWm94tyNvB07pM/+Xt+nwqvmv7GWBuI3TTF18XPpAtGEhbTQOpskX2vVHLsRzi6qzb3fVHeIjXcDypsJg41yXnSZK/8gOmN6fF2BItHCQ375luZ0deFQMsV4fQLWR6CJYPXF3B9W/whp+8cgfcsL3nW2VSma+f1HDy8WTE73F3SlP5aO/r15KkzZhMHBGWUl3zVZtdTKUQyLBfLwUsi4sN3P2pzLwbjpnaowimg4Z+CQW3jsZyrZtTo+DvzYEPfDvBQVXptel41IWbs+Lrh2jDOaMQz9EqFIZPR81XdJiVHWDv2drR+tA+Tmc+OP7XljbAs/7qR9fC/bZSUdY6P5xwh7aUE/mE1wRkY6SqrNaC8GglpjXylewLugW5MaR3fzfympw6vZqrGr1us03Ff2VWy9SVgCJF7rhu6KwRl3cTYmxIw6ERG6+CXabf4UOnvU+p2I1/NFJTbph/yNTjc0Z5VSwM9uANNj0/pun/vs5ncxwEFJBtdltYFurjKe9fi6HdwT2155qsraZJhLgCWSKwe3VdDuIo4oGApSyifAhRx1qIuHp21RAsRgQtTq9bjoGDKEDu2xAYNIiRHToUum0J80obwX8yu3L5w8kvuU1Z3AS9Ngcm5hrYbrvGxuIJPj4DykD6gknFGvmhK/86+hCYYqNx3vQY/ED3DZWFxaDRchoJ05onPORHBp+yNfMA9PMX8ZguUzgWb1c7rWda8O6XQaj0eFbR3urAc7Gns2wapos/WmUiZKS3crvYIkc3jzmaHP8od+vcsYPEsAkJLbixbX3kWS1QJTjBbSb76sH/7m79u7a1kRW7zqJfFRSJrVK1TAhPEesZf0EyvNIdudqxc6u2zFaN7q0zIAlD6z/ozVfXh9YY4RZHAzc1LmFqxIMVF87N9ZcgVwxbrGsTtLfXxiN54NWmYMpiIpgKUnXfnfijE2DclAkrX8wmBreBv/v6N7ZtzqVoIj86Vc7FWQqvwPtFK9Z0ypGimwxEbBmzgAAAAAA==""}",2026-04-03 14:19:37.845557
